days,open,high,low,close
700,4640.25,4646.02,4560,4567
699,4628.75,4672.95,4625.26,4655.27
698,4594.62,4594.62,4594.62,4594.62
697,4594.62,4594.62,4594.62,4594.62
696,4664.63,4664.63,4585.43,4594.62
695,4701.46,4701.46,4701.46,4701.46
694,4675.78,4702.87,4659.89,4701.46
693,4678.48,4699.39,4652.66,4690.7
692,4712,4743.83,4682.17,4682.94
691,4697.96,4697.96,4697.96,4697.96
690,4697.96,4697.96,4697.96,4697.96
689,4708.44,4717.75,4694.22,4697.96
688,4700.72,4708.8,4672.78,4704.54
687,4701.5,4701.5,4684.41,4688.67
686,4679.42,4714.95,4679.42,4700.9
685,4689.3,4697.42,4672.86,4682.8
684,4682.85,4682.85,4682.85,4682.85
683,4682.85,4682.85,4682.85,4682.85
682,4655.24,4688.47,4650.77,4682.85
681,4659.39,4664.55,4648.31,4649.27
680,4670.26,4684.85,4630.86,4646.71
679,4707.25,4708.53,4670.87,4685.25
678,4701.48,4714.92,4694.39,4701.7
677,4697.53,4697.53,4697.53,4697.53
676,4697.53,4697.53,4697.53,4697.53
675,4699.26,4718.5,4681.32,4697.53
674,4662.93,4683,4662.59,4680.06
673,4630.65,4663.46,4621.19,4660.57
672,4613.34,4635.15,4613.34,4630.65
671,4610.62,4620.34,4595.06,4613.67
670,4605.38,4605.38,4605.38,4605.38
669,4605.38,4605.38,4605.38,4605.38
668,4572.87,4608.08,4567.59,4605.38
667,4562.84,4597.55,4562.84,4596.42
666,4580.22,4584.57,4551.66,4551.68
665,4578.69,4598.53,4569.17,4574.79
664,4553.69,4572.62,4537.36,4566.48
663,4544.9,4544.9,4544.9,4544.9
662,4544.9,4544.9,4544.9,4544.9
661,4546.12,4559.67,4524,4544.9
660,4532.24,4551.44,4526.89,4549.78
659,4524.42,4540.87,4524.4,4536.19
658,4497.34,4520.4,4496.41,4519.63
657,4463.72,4488.75,4447.47,4486.46
656,4471.37,4471.37,4471.37,4471.37
655,4471.37,4471.37,4471.37,4471.37
654,4447.69,4475.82,4447.69,4471.37
653,4386.75,4439.73,4386.75,4438.26
652,4358.01,4372.87,4329.92,4363.8
651,4368.31,4374.89,4342.09,4350.65
650,4385.44,4415.88,4360.59,4361.19
649,4391.34,4391.34,4391.34,4391.34
648,4391.34,4391.34,4391.34,4391.34
647,4406.51,4412.02,4386.22,4391.34
646,4383.73,4429.97,4383.73,4399.76
645,4319.57,4365.57,4290.49,4363.55
644,4309.87,4369.23,4309.87,4345.72
643,4348.84,4355.51,4278.94,4300.46
642,4357.04,4357.04,4357.04,4357.04
641,4357.04,4357.04,4357.04,4357.04
640,4317.16,4375.19,4288.52,4357.04
639,4370.67,4382.55,4306.24,4307.54
638,4362.41,4385.57,4355.08,4359.46
637,4419.54,4419.54,4346.33,4352.63
636,4442.12,4457.3,4436.19,4443.11
635,4455.48,4455.48,4455.48,4455.48
634,4455.48,4455.48,4455.48,4455.48
633,4438.04,4463.12,4430.27,4455.48
632,4406.75,4465.4,4406.75,4448.98
631,4367.43,4416.75,4367.43,4395.64
630,4374.45,4394.87,4347.96,4354.19
629,4402.95,4402.95,4305.91,4357.73
628,4432.99,4432.99,4432.99,4432.99
627,4432.99,4432.99,4432.99,4432.99
626,4469.74,4471.52,4427.76,4432.99
625,4477.09,4485.87,4443.8,4473.75
624,4447.49,4486.87,4438.37,4480.7
623,4479.33,4485.68,4435.46,4443.05
622,4474.81,4492.99,4445.7,4468.73
621,4458.58,4458.58,4458.58,4458.58
620,4458.58,4458.58,4458.58,4458.58
619,4506.92,4520.47,4457.66,4458.58
618,4513.02,4529.9,4492.07,4493.28
617,4518.09,4521.79,4493.95,4514.07
616,4535.38,4535.38,4513,4520.03
615,4535.43,4535.43,4535.43,4535.43
614,4535.43,4535.43,4535.43,4535.43
613,4535.43,4535.43,4535.43,4535.43
612,4532.42,4541.45,4521.3,4535.43
611,4534.48,4545.85,4524.66,4536.95
610,4528.8,4537.11,4522.02,4524.09
609,4529.75,4531.39,4515.8,4522.68
608,4513.76,4537.36,4513.76,4528.79
607,4509.37,4509.37,4509.37,4509.37
606,4509.37,4509.37,4509.37,4509.37
605,4474.1,4513.33,4474.1,4509.37
604,4493.75,4495.9,4468.99,4470
603,4490.45,4501.71,4485.66,4496.19
602,4484.4,4492.81,4482.28,4486.23
601,4450.29,4489.88,4450.29,4479.53
600,4441.67,4441.67,4441.67,4441.67
599,4441.67,4441.67,4441.67,4441.67
598,4410.56,4444.35,4406.8,4441.67
597,4382.44,4418.61,4367.73,4405.8
596,4440.94,4454.32,4397.59,4400.27
595,4462.12,4462.12,4417.83,4448.08
594,4461.65,4480.26,4437.66,4479.71
593,4468,4468,4468,4468
592,4468,4468,4468,4468
591,4464.84,4468.37,4460.82,4468
590,4446.08,4461.77,4435.96,4460.83
589,4442.18,4449.44,4436.42,4447.7
588,4435.79,4445.21,4430.03,4436.75
587,4437.77,4439.39,4424.74,4432.35
586,4436.52,4436.52,4436.52,4436.52
585,4436.52,4436.52,4436.52,4436.52
584,4429.07,4440.82,4429.07,4436.52
583,4408.86,4429.76,4408.86,4429.1
582,4415.95,4416.17,4400.23,4402.66
581,4392.74,4423.79,4373,4423.15
580,4406.86,4422.18,4384.81,4387.16
579,4395.26,4395.26,4395.26,4395.26
578,4395.26,4395.26,4395.26,4395.26
577,4395.12,4412.25,4389.65,4395.26
576,4403.59,4429.97,4403.59,4419.15
575,4402.95,4415.47,4387.01,4400.64
574,4416.38,4416.38,4372.51,4401.46
573,4409.58,4422.73,4405.45,4422.3
572,4411.79,4411.79,4411.79,4411.79
571,4411.79,4411.79,4411.79,4411.79
570,4381.2,4415.18,4381.2,4411.79
569,4361.27,4369.87,4350.06,4367.48
568,4331.13,4359.7,4331.13,4358.69
567,4265.11,4336.84,4262.05,4323.06
566,4296.4,4296.4,4233.13,4258.49
565,4327.16,4327.16,4327.16,4327.16
564,4327.16,4327.16,4327.16,4327.16
563,4367.43,4375.09,4322.53,4327.16
562,4369.02,4369.02,4340.7,4360.03
561,4380.11,4393.68,4362.36,4374.3
560,4381.07,4392.37,4366.92,4369.21
559,4372.41,4386.68,4364.03,4384.63
558,4369.55,4369.55,4369.55,4369.55
557,4369.55,4369.55,4369.55,4369.55
556,4329.38,4371.6,4329.38,4369.55
555,4321.07,4330.88,4289.37,4320.82
554,4351.01,4361.88,4329.79,4358.13
553,4356.46,4356.46,4314.37,4343.54
552,4352.34,4352.34,4352.34,4352.34
551,4352.34,4352.34,4352.34,4352.34
550,4352.34,4352.34,4352.34,4352.34
549,4326.6,4355.43,4326.6,4352.34
548,4300.73,4320.66,4300.73,4319.94
547,4290.65,4302.43,4287.96,4297.5
546,4293.21,4300.52,4287.04,4291.8
545,4284.9,4292.14,4274.67,4290.61
544,4280.7,4280.7,4280.7,4280.7
543,4280.7,4280.7,4280.7,4280.7
542,4274.45,4286.12,4271.16,4280.7
541,4256.97,4271.28,4256.97,4266.49
540,4249.27,4256.6,4241.43,4241.84
539,4224.61,4255.84,4217.27,4246.44
538,4173.4,4226.24,4173.4,4224.79
537,4166.45,4166.45,4166.45,4166.45
536,4166.45,4166.45,4166.45,4166.45
535,4204.78,4204.78,4164.4,4166.45
534,4220.37,4232.29,4196.05,4221.86
533,4248.87,4251.89,4202.45,4223.7
532,4255.28,4257.16,4238.35,4246.59
531,4248.31,4255.59,4234.07,4255.15
530,4247.44,4247.44,4247.44,4247.44
529,4247.44,4247.44,4247.44,4247.44
528,4242.9,4248.38,4232.25,4247.44
527,4228.56,4249.74,4220.34,4239.18
526,4232.99,4237.09,4218.74,4219.55
525,4233.81,4236.74,4208.41,4227.26
524,4229.34,4232.34,4215.66,4226.52
523,4229.89,4229.89,4229.89,4229.89
522,4229.89,4229.89,4229.89,4229.89
521,4206.05,4233.45,4206.05,4229.89
520,4191.43,4204.39,4167.93,4192.85
519,4206.82,4217.37,4198.27,4208.12
518,4216.52,4234.12,4197.59,4202.04
517,4204.11,4204.11,4204.11,4204.11
516,4204.11,4204.11,4204.11,4204.11
515,4204.11,4204.11,4204.11,4204.11
514,4210.77,4218.36,4203.57,4204.11
513,4201.94,4213.38,4197.78,4200.88
512,4191.59,4202.61,4184.11,4195.99
511,4205.94,4213.42,4182.52,4188.13
510,4170.16,4209.52,4170.16,4197.05
509,4155.86,4155.86,4155.86,4155.86
508,4155.86,4155.86,4155.86,4155.86
507,4168.61,4188.72,4151.72,4155.86
506,4121.97,4172.8,4121.97,4159.12
505,4098.45,4116.93,4061.41,4115.68
504,4165.94,4169.15,4125.99,4127.83
503,4169.92,4171.92,4142.69,4163.29
502,4173.85,4173.85,4173.85,4173.85
501,4173.85,4173.85,4173.85,4173.85
500,4129.58,4183.13,4129.58,4173.85
499,4074.99,4131.58,4074.99,4112.5
498,4130.55,4134.73,4056.88,4063.04
497,4150.34,4162.04,4111.53,4152.1
496,4228.29,4236.39,4188.13,4188.43
495,4232.6,4232.6,4232.6,4232.6
494,4232.6,4232.6,4232.6,4232.6
493,4210.34,4238.04,4201.64,4232.6
492,4169.14,4202.7,4147.33,4201.62
491,4177.06,4187.72,4160.94,4167.59
490,4179.04,4179.04,4128.59,4164.66
489,4191.98,4209.39,4188.03,4192.66
488,4181.17,4181.17,4181.17,4181.17
487,4181.17,4181.17,4181.17,4181.17
486,4198.1,4198.1,4174.85,4181.17
485,4206.14,4218.78,4176.81,4211.47
484,4185.14,4201.53,4181.78,4183.18
483,4188.25,4193.35,4176.22,4186.72
482,4185.03,4194.19,4182.36,4187.62
481,4180.17,4180.17,4180.17,4180.17
480,4180.17,4180.17,4180.17,4180.17
479,4138.78,4194.17,4138.78,4180.17
478,4170.46,4179.57,4123.69,4134.98
477,4128.42,4175.02,4126.35,4173.42
476,4159.18,4159.18,4118.38,4134.94
475,4179.8,4180.81,4150.47,4163.26
474,4185.47,4185.47,4185.47,4185.47
473,4185.47,4185.47,4185.47,4185.47
472,4174.14,4191.31,4170.75,4185.47
471,4139.76,4173.49,4139.76,4170.42
470,4141.58,4151.69,4120.87,4124.66
469,4130.1,4148,4124.43,4141.59
468,4124.71,4131.76,4114.82,4127.99
467,4128.8,4128.8,4128.8,4128.8
466,4128.8,4128.8,4128.8,4128.8
465,4096.11,4129.48,4095.51,4128.8
464,4089.95,4098.19,4082.54,4097.17
463,4074.29,4083.13,4068.31,4079.95
462,4075.57,4086.23,4068.14,4073.94
461,4034.44,4083.42,4034.44,4077.91
460,4019.87,4019.87,4019.87,4019.87
459,4019.87,4019.87,4019.87,4019.87
458,4019.87,4019.87,4019.87,4019.87
457,3992.78,4020.63,3992.78,4019.87
456,3967.25,3994.41,3966.98,3972.89
455,3963.34,3968.01,3944.35,3958.55
454,3969.31,3981.83,3943.25,3971.09
453,3974.54,3974.54,3974.54,3974.54
452,3974.54,3974.54,3974.54,3974.54
451,3917.12,3978.19,3917.12,3974.54
450,3879.34,3919.54,3853.5,3909.52
449,3919.93,3942.08,3889.07,3889.14
448,3937.6,3949.13,3901.57,3910.52
447,3916.48,3955.31,3914.16,3940.59
446,3913.1,3913.1,3913.1,3913.1
445,3913.1,3913.1,3913.1,3913.1
444,3913.14,3930.12,3886.75,3913.1
443,3953.5,3969.62,3910.86,3915.46
442,3949.57,3983.87,3935.74,3974.12
441,3973.59,3981.04,3953.44,3962.71
440,3942.96,3970.08,3923.54,3968.94
439,3943.34,3943.34,3943.34,3943.34
438,3943.34,3943.34,3943.34,3943.34
437,3924.52,3944.99,3915.21,3943.34
436,3915.54,3960.27,3915.54,3939.34
435,3891.99,3917.35,3885.73,3898.81
434,3851.93,3903.76,3851.93,3875.44
433,3844.39,3881.06,3819.25,3821.35
432,3841.94,3841.94,3841.94,3841.94
431,3841.94,3841.94,3841.94,3841.94
430,3793.58,3851.69,3730.19,3841.94
429,3818.53,3843.67,3723.34,3768.47
428,3863.99,3874.47,3818.86,3819.72
427,3903.64,3906.41,3868.57,3870.29
426,3842.51,3914.5,3842.51,3901.82
425,3811.15,3811.15,3811.15,3811.15
424,3811.15,3811.15,3811.15,3811.15
423,3839.66,3861.08,3789.54,3811.15
422,3915.8,3925.02,3814.04,3829.34
421,3873.71,3928.65,3859.6,3925.43
420,3857.07,3895.98,3805.59,3881.37
419,3885.55,3902.92,3874.71,3876.5
418,3906.71,3906.71,3906.71,3906.71
417,3906.71,3906.71,3906.71,3906.71
416,3921.16,3930.41,3903.07,3906.71
415,3915.86,3921.98,3885.03,3913.97
414,3918.5,3933.61,3900.43,3931.33
413,3939.61,3950.43,3923.85,3932.59
412,3934.83,3934.83,3934.83,3934.83
411,3934.83,3934.83,3934.83,3934.83
410,3934.83,3934.83,3934.83,3934.83
409,3911.65,3937.23,3905.78,3934.83
408,3916.4,3925.99,3890.39,3916.38
407,3920.78,3931.5,3884.94,3909.88
406,3910.49,3918.35,3902.64,3911.23
405,3892.59,3915.77,3892.59,3915.59
404,3886.83,3886.83,3886.83,3886.83
403,3886.83,3886.83,3886.83,3886.83
402,3878.3,3894.56,3874.93,3886.83
401,3836.66,3872.42,3836.66,3871.74
400,3840.27,3847.51,3816.68,3830.17
399,3791.84,3843.09,3791.84,3826.31
398,3731.17,3784.32,3725.62,3773.86
397,3714.24,3714.24,3714.24,3714.24
396,3714.24,3714.24,3714.24,3714.24
395,3778.05,3778.05,3694.12,3714.24
394,3755.75,3830.5,3755.75,3787.38
393,3836.83,3836.83,3732.48,3750.77
392,3862.96,3870.9,3847.78,3849.62
391,3851.68,3859.23,3797.16,3855.36
390,3841.47,3841.47,3841.47,3841.47
389,3841.47,3841.47,3841.47,3841.47
388,3844.24,3852.31,3830.41,3841.47
387,3857.46,3861.45,3845.05,3853.07
386,3816.22,3859.75,3816.22,3851.85
385,3781.88,3804.53,3780.37,3798.91
384,3768.25,3768.25,3768.25,3768.25
383,3768.25,3768.25,3768.25,3768.25
382,3768.25,3768.25,3768.25,3768.25
381,3788.73,3788.73,3749.62,3768.25
380,3814.98,3823.6,3792.86,3795.54
379,3802.23,3820.96,3791.5,3809.84
378,3801.62,3810.78,3776.51,3801.19
377,3803.14,3817.86,3789.02,3799.61
376,3824.68,3824.68,3824.68,3824.68
375,3824.68,3824.68,3824.68,3824.68
374,3815.05,3826.69,3783.6,3824.68
373,3764.71,3811.55,3764.71,3803.79
372,3712.2,3783.04,3705.34,3748.14
371,3698.02,3737.83,3695.07,3726.86
370,3764.61,3769.99,3662.71,3700.65
369,3756.07,3756.07,3756.07,3756.07
368,3756.07,3756.07,3756.07,3756.07
367,3756.07,3756.07,3756.07,3756.07
366,3733.27,3760.2,3726.88,3756.07
365,3736.19,3744.63,3730.21,3732.04
364,3750.01,3756.12,3723.31,3727.04
363,3723.03,3740.51,3723.03,3735.36
362,3703.06,3703.06,3703.06,3703.06
361,3703.06,3703.06,3703.06,3703.06
360,3703.06,3703.06,3703.06,3703.06
359,3694.03,3703.82,3689.32,3703.06
358,3693.42,3711.24,3689.28,3690.01
357,3698.08,3698.26,3676.16,3687.26
356,3684.28,3702.9,3636.48,3694.92
355,3709.41,3709.41,3709.41,3709.41
354,3709.41,3709.41,3709.41,3709.41
353,3722.39,3726.7,3685.84,3709.41
352,3713.65,3725.12,3710.87,3722.48
351,3696.25,3711.27,3688.57,3701.17
350,3666.41,3695.29,3659.62,3694.62
349,3675.27,3697.61,3645.84,3647.49
348,3663.46,3663.46,3663.46,3663.46
347,3663.46,3663.46,3663.46,3663.46
346,3656.08,3665.91,3633.4,3663.46
345,3659.13,3678.49,3645.18,3668.1
344,3705.98,3712.39,3660.54,3672.82
343,3683.05,3708.45,3678.83,3702.25
342,3694.73,3697.41,3678.88,3691.96
341,3699.12,3699.12,3699.12,3699.12
340,3699.12,3699.12,3699.12,3699.12
339,3670.94,3699.2,3670.94,3699.12
338,3668.28,3682.73,3657.17,3666.72
337,3653.78,3670.96,3644.84,3669.01
336,3645.87,3678.45,3645.87,3662.45
335,3634.18,3634.18,3594.39,3621.63
334,3638.35,3638.35,3638.35,3638.35
333,3638.35,3638.35,3638.35,3638.35
332,3638.55,3644.31,3629.33,3638.35
331,3629.65,3629.65,3629.65,3629.65
330,3635.5,3635.5,3617.76,3629.65
329,3594.52,3642.31,3594.52,3635.41
328,3566.82,3589.81,3552.77,3577.59
327,3557.54,3557.54,3557.54,3557.54
326,3557.54,3557.54,3557.54,3557.54
325,3579.31,3581.23,3556.85,3557.54
324,3559.41,3585.22,3543.84,3581.87
323,3612.09,3619.09,3567.33,3567.79
322,3610.31,3623.11,3588.68,3609.53
321,3600.16,3628.51,3600.16,3626.91
320,3585.15,3585.15,3585.15,3585.15
319,3585.15,3585.15,3585.15,3585.15
318,3552.57,3593.66,3552.57,3585.15
317,3562.67,3569.02,3518.58,3537.01
316,3563.22,3581.16,3557,3572.66
315,3543.26,3557.22,3511.91,3545.53
314,3583.04,3645.99,3547.48,3550.5
313,3509.44,3509.44,3509.44,3509.44
312,3509.44,3509.44,3509.44,3509.44
311,3508.34,3521.58,3484.34,3509.44
310,3485.74,3529.05,3485.74,3510.45
309,3406.46,3486.25,3405.17,3443.44
308,3336.25,3389.49,3336.25,3369.16
307,3296.2,3330.14,3279.74,3310.24
306,3269.96,3269.96,3269.96,3269.96
305,3269.96,3269.96,3269.96,3269.96
304,3293.59,3304.93,3233.94,3269.96
303,3277.17,3341.05,3259.82,3310.11
302,3342.48,3342.48,3268.89,3271.03
301,3403.15,3409.51,3388.71,3390.68
300,3441.42,3441.42,3364.86,3400.97
299,3465.39,3465.39,3465.39,3465.39
298,3465.39,3465.39,3465.39,3465.39
297,3464.9,3466.46,3440.45,3465.39
296,3438.5,3460.53,3415.34,3453.49
295,3439.91,3464.86,3433.06,3435.56
294,3439.38,3476.93,3435.65,3443.12
293,3493.66,3502.42,3419.93,3426.92
292,3483.81,3483.81,3483.81,3483.81
291,3483.81,3483.81,3483.81,3483.81
290,3493.5,3515.76,3480.45,3483.81
289,3453.72,3489.08,3440.89,3483.34
288,3515.47,3527.94,3480.55,3488.67
287,3534.01,3534.01,3500.86,3511.93
286,3500.02,3549.85,3499.61,3534.22
285,3477.13,3477.13,3477.13,3477.13
284,3477.13,3477.13,3477.13,3477.13
283,3459.67,3482.34,3458.07,3477.13
282,3434.28,3447.28,3428.15,3446.83
281,3384.56,3426.26,3384.56,3419.45
280,3408.74,3431.56,3354.54,3360.95
279,3367.27,3409.57,3367.27,3408.63
278,3348.44,3348.44,3348.44,3348.44
277,3348.44,3348.44,3348.44,3348.44
276,3338.94,3369.1,3323.69,3348.44
275,3385.87,3397.18,3361.39,3380.8
274,3341.21,3393.56,3340.47,3363
273,3350.92,3357.92,3327.54,3335.47
272,3333.9,3360.74,3332.91,3351.6
271,3298.46,3298.46,3298.46,3298.46
270,3298.46,3298.46,3298.46,3298.46
269,3236.66,3306.88,3228.44,3298.46
268,3226.14,3278.7,3209.45,3246.59
267,3320.11,3323.35,3232.57,3236.92
266,3295.75,3320.31,3270.95,3315.57
265,3285.57,3285.57,3229.1,3281.06
264,3319.47,3319.47,3319.47,3319.47
263,3319.47,3319.47,3319.47,3319.47
262,3357.38,3362.27,3292.4,3319.47
261,3346.86,3375.17,3328.82,3357.01
260,3411.23,3428.92,3384.45,3385.49
259,3407.73,3419.48,3389.25,3401.2
258,3363.56,3402.93,3363.56,3383.54
257,3340.97,3340.97,3340.97,3340.97
256,3340.97,3340.97,3340.97,3340.97
255,3352.7,3368.95,3310.47,3340.97
254,3412.56,3425.55,3329.25,3339.19
253,3369.82,3424.77,3366.84,3398.96
252,3371.88,3379.97,3329.27,3331.84
251,3426.96,3426.96,3426.96,3426.96
250,3426.96,3426.96,3426.96,3426.96
249,3426.96,3426.96,3426.96,3426.96
248,3453.6,3479.15,3349.63,3426.96
247,3564.74,3564.85,3427.41,3455.06
246,3543.76,3588.11,3535.23,3580.84
245,3507.44,3528.03,3494.6,3526.65
244,3509.73,3514.77,3493.25,3500.31
243,3508.01,3508.01,3508.01,3508.01
242,3508.01,3508.01,3508.01,3508.01
241,3494.69,3509.23,3484.32,3508.01
240,3485.14,3501.38,3468.35,3484.55
239,3449.97,3481.07,3444.15,3478.73
238,3435.95,3444.21,3425.84,3443.62
237,3418.09,3432.09,3413.13,3431.28
236,3397.16,3397.16,3397.16,3397.16
235,3397.16,3397.16,3397.16,3397.16
234,3386.01,3399.96,3379.31,3397.16
233,3360.48,3390.8,3354.69,3385.51
232,3392.51,3399.54,3369.66,3374.85
231,3387.04,3395.06,3370.15,3389.78
230,3380.86,3387.59,3379.22,3381.99
229,3372.85,3372.85,3372.85,3372.85
228,3372.85,3372.85,3372.85,3372.85
227,3368.66,3378.51,3361.64,3372.85
226,3372.95,3387.24,3363.35,3373.43
225,3355.46,3387.89,3355.46,3380.35
224,3370.34,3381.01,3326.44,3333.69
223,3356.04,3363.29,3335.44,3360.47
222,3351.28,3351.28,3351.28,3351.28
221,3351.28,3351.28,3351.28,3351.28
220,3340.05,3352.54,3328.72,3351.28
219,3323.17,3351.03,3318.14,3349.16
218,3317.37,3330.77,3317.37,3327.77
217,3289.92,3306.84,3286.37,3306.51
216,3288.26,3302.73,3284.53,3294.61
215,3271.12,3271.12,3271.12,3271.12
214,3271.12,3271.12,3271.12,3271.12
213,3270.45,3272.17,3220.26,3271.12
212,3231.76,3250.92,3204.13,3246.22
211,3227.22,3264.74,3227.22,3258.44
210,3234.27,3243.72,3216.17,3218.44
209,3219.84,3241.43,3214.25,3239.41
208,3215.63,3215.63,3215.63,3215.63
207,3215.63,3215.63,3215.63,3215.63
206,3218.58,3227.26,3200.05,3215.63
205,3271.64,3279.99,3222.66,3235.66
204,3254.86,3279.32,3253.1,3276.02
203,3268.52,3277.29,3247.77,3257.3
202,3224.29,3258.61,3215.16,3251.84
201,3224.73,3224.73,3224.73,3224.73
200,3224.73,3224.73,3224.73,3224.73
199,3224.21,3233.52,3205.65,3224.73
198,3208.36,3220.39,3198.59,3215.57
197,3225.98,3238.28,3200.76,3226.56
196,3141.11,3200.95,3127.66,3197.52
195,3205.08,3235.32,3149.43,3155.22
194,3185.04,3185.04,3185.04,3185.04
193,3185.04,3185.04,3185.04,3185.04
192,3152.47,3186.82,3136.22,3185.04
191,3176.17,3179.78,3115.7,3152.05
190,3153.07,3171.8,3136.53,3169.94
189,3166.44,3184.15,3142.93,3145.32
188,3155.29,3182.59,3155.29,3179.72
187,3130.01,3130.01,3130.01,3130.01
186,3130.01,3130.01,3130.01,3130.01
185,3130.01,3130.01,3130.01,3130.01
184,3143.64,3165.81,3124.52,3130.01
183,3105.92,3128.44,3101.17,3115.86
182,3050.2,3111.51,3047.83,3100.29
181,3018.59,3053.89,2999.74,3053.24
180,3009.05,3009.05,3009.05,3009.05
179,3009.05,3009.05,3009.05,3009.05
178,3073.2,3073.73,3004.63,3009.05
177,3046.6,3086.25,3024.01,3083.76
176,3114.4,3115.01,3032.13,3050.33
175,3138.7,3154.9,3127.12,3131.29
174,3094.42,3120.92,3079.39,3117.86
173,3097.74,3097.74,3097.74,3097.74
172,3097.74,3097.74,3097.74,3097.74
171,3140.29,3155.53,3083.11,3097.74
170,3101.64,3120,3093.51,3115.34
169,3136.13,3141.16,3108.03,3113.49
168,3131,3153.45,3076.06,3124.74
167,2993.76,3079.76,2965.66,3066.59
166,3041.31,3041.31,3041.31,3041.31
165,3041.31,3041.31,3041.31,3041.31
164,3071.04,3088.42,2984.47,3041.31
163,3123.53,3123.53,2999.49,3002.1
162,3213.42,3223.27,3181.49,3190.14
161,3213.32,3222.71,3193.11,3207.18
160,3199.92,3233.13,3196,3232.39
159,3193.93,3193.93,3193.93,3193.93
158,3193.93,3193.93,3193.93,3193.93
157,3163.84,3211.72,3163.84,3193.93
156,3111.56,3128.91,3090.41,3112.35
155,3098.9,3130.94,3098.9,3122.87
154,3064.78,3081.07,3051.64,3080.82
153,3038.78,3062.18,3031.54,3055.73
152,3044.31,3044.31,3044.31,3044.31
151,3044.31,3044.31,3044.31,3044.31
150,3025.17,3049.17,2998.61,3044.31
149,3046.61,3068.67,3023.4,3029.73
148,3015.65,3036.25,2969.75,3036.13
147,3004.08,3021.72,2988.17,2991.77
146,2955.45,2955.45,2955.45,2955.45
145,2955.45,2955.45,2955.45,2955.45
144,2955.45,2955.45,2955.45,2955.45
143,2948.05,2956.76,2933.59,2955.45
142,2969.95,2978.5,2938.57,2948.51
141,2953.63,2980.29,2953.63,2971.61
140,2948.59,2964.21,2922.35,2922.94
139,2913.86,2968.09,2913.86,2953.91
138,2863.7,2863.7,2863.7,2863.7
137,2863.7,2863.7,2863.7,2863.7
136,2829.95,2865.01,2816.78,2863.7
135,2794.54,2852.8,2766.64,2852.5
134,2865.86,2874.14,2793.15,2820
133,2939.5,2945.82,2869.59,2870.12
132,2915.46,2944.25,2903.44,2930.32
131,2929.8,2929.8,2929.8,2929.8
130,2929.8,2929.8,2929.8,2929.8
129,2908.83,2932.16,2902.88,2929.8
128,2878.26,2901.92,2876.48,2881.19
127,2883.14,2891.11,2847.65,2848.42
126,2868.88,2898.23,2863.55,2868.44
125,2815.01,2844.24,2797.85,2842.74
124,2830.71,2830.71,2830.71,2830.71
123,2830.71,2830.71,2830.71,2830.71
122,2869.09,2869.09,2821.61,2830.71
121,2930.91,2930.91,2892.47,2912.43
120,2918.46,2954.86,2912.16,2939.51
119,2909.96,2921.15,2860.71,2863.39
118,2854.65,2887.72,2852.89,2878.48
117,2836.74,2836.74,2836.74,2836.74
116,2836.74,2836.74,2836.74,2836.74
115,2812.64,2842.71,2791.76,2836.74
114,2810.42,2844.9,2794.26,2797.8
113,2787.89,2815.1,2775.95,2799.31
112,2784.81,2785.54,2727.1,2736.56
111,2845.62,2868.98,2820.43,2823.16
110,2874.56,2874.56,2874.56,2874.56
109,2874.56,2874.56,2874.56,2874.56
108,2842.43,2879.22,2830.88,2874.56
107,2799.34,2806.51,2764.32,2799.55
106,2795.64,2801.88,2761.54,2783.36
105,2805.1,2851.85,2805.1,2846.06
104,2782.46,2782.46,2721.17,2761.63
103,2789.82,2789.82,2789.82,2789.82
102,2789.82,2789.82,2789.82,2789.82
101,2789.82,2789.82,2789.82,2789.82
100,2776.99,2818.57,2762.36,2789.82
99,2685,2760.75,2663.3,2749.98
98,2738.65,2756.89,2657.67,2659.41
97,2578.28,2676.85,2574.57,2663.68
96,2488.65,2488.65,2488.65,2488.65
95,2488.65,2488.65,2488.65,2488.65
94,2514.92,2538.18,2459.96,2488.65
93,2458.54,2533.22,2455.79,2526.9
92,2498.08,2522.75,2447.49,2470.5
91,2614.69,2641.39,2571.15,2584.59
90,2558.98,2631.8,2545.28,2626.65
89,2541.47,2541.47,2541.47,2541.47
88,2541.47,2541.47,2541.47,2541.47
87,2555.87,2615.91,2520.02,2541.47
86,2501.29,2637.01,2500.72,2630.07
85,2457.77,2571.42,2407.53,2475.56
84,2344.44,2449.71,2344.44,2447.33
83,2290.71,2300.73,2191.86,2237.4
82,2304.92,2304.92,2304.92,2304.92
81,2304.92,2304.92,2304.92,2304.92
80,2431.94,2453.01,2295.56,2304.92
79,2393.48,2466.97,2319.78,2409.39
78,2436.5,2453.57,2280.52,2398.1
77,2425.66,2553.93,2367.04,2529.19
76,2508.59,2562.98,2380.94,2386.13
75,2711.02,2711.02,2711.02,2711.02
74,2711.02,2711.02,2711.02,2711.02
73,2569.99,2711.33,2492.37,2711.02
72,2630.86,2660.95,2478.86,2480.64
71,2825.6,2825.6,2707.22,2741.38
70,2813.48,2882.59,2734,2882.23
69,2863.89,2863.89,2734.43,2746.56
68,2972.37,2972.37,2972.37,2972.37
67,2972.37,2972.37,2972.37,2972.37
66,2954.2,2985.93,2901.54,2972.37
65,3075.7,3083.04,2999.83,3023.94
64,3045.75,3130.97,3034.38,3130.12
63,3096.46,3136.72,2976.63,3003.37
62,2974.28,3090.96,2945.19,3090.23
61,2954.22,2954.22,2954.22,2954.22
60,2954.22,2954.22,2954.22,2954.22
59,2916.9,2959.72,2855.84,2954.22
58,3062.54,3097.07,2977.39,2978.76
57,3139.9,3182.51,3108.99,3116.39
56,3238.94,3246.99,3118.77,3128.21
55,3257.61,3259.81,3214.65,3225.89
54,3337.75,3337.75,3337.75,3337.75
53,3337.75,3337.75,3337.75,3337.75
52,3360.5,3360.76,3328.45,3337.75
51,3380.45,3389.15,3341.02,3373.23
50,3380.39,3393.52,3378.83,3386.15
49,3369.04,3375.01,3355.61,3370.29
48,3380.16,3380.16,3380.16,3380.16
47,3380.16,3380.16,3380.16,3380.16
46,3380.16,3380.16,3380.16,3380.16
45,3378.08,3380.69,3366.15,3380.16
44,3365.9,3385.09,3360.52,3373.94
43,3370.5,3381.47,3369.72,3379.45
42,3365.87,3375.63,3352.72,3357.75
41,3318.28,3352.26,3317.77,3352.09
40,3327.71,3327.71,3327.71,3327.71
39,3327.71,3327.71,3327.71,3327.71
38,3335.54,3341.42,3322.12,3327.71
37,3344.92,3347.96,3334.39,3345.78
36,3324.91,3337.58,3313.75,3334.69
35,3280.61,3306.92,3280.61,3297.59
34,3235.66,3268.44,3235.66,3248.92
33,3225.52,3225.52,3225.52,3225.52
32,3225.52,3225.52,3225.52,3225.52
31,3282.33,3282.33,3214.68,3225.52
30,3256.45,3285.91,3242.8,3283.66
29,3289.46,3293.47,3271.89,3273.4
28,3255.35,3285.78,3253.22,3276.24
27,3247.16,3258.85,3234.5,3243.63
26,3295.47,3295.47,3295.47,3295.47
25,3295.47,3295.47,3295.47,3295.47
24,3333.1,3333.18,3281.53,3295.47
23,3315.77,3326.88,3301.87,3325.54
22,3330.02,3337.77,3320.04,3321.75
21,3321.03,3329.79,3316.61,3320.79
20,3329.62,3329.62,3329.62,3329.62
19,3329.62,3329.62,3329.62,3329.62
18,3329.62,3329.62,3329.62,3329.62
17,3323.66,3329.88,3318.86,3329.62
16,3302.97,3317.11,3302.82,3316.81
15,3282.27,3298.66,3280.69,3289.29
14,3285.35,3294.25,3277.19,3283.15
13,3271.13,3288.13,3268.43,3288.13
12,3265.35,3265.35,3265.35,3265.35
11,3265.35,3265.35,3265.35,3265.35
10,3281.81,3282.99,3260.86,3265.35
9,3266.03,3275.58,3263.67,3274.7
8,3238.59,3267.07,3236.67,3253.05
7,3241.86,3244.91,3232.43,3237.18
6,3217.55,3246.84,3214.64,3246.28
5,3234.85,3234.85,3234.85,3234.85
4,3234.85,3234.85,3234.85,3234.85
3,3226.36,3246.15,3222.34,3234.85
2,3244.67,3258.14,3235.53,3257.85
1,3215.18,3231.72,3212.03,3230.78
